record_id,redcap_event_name,redcap_survey_identifier,id_and_consent_timestamp,consent_answer,id_and_consent_complete,survey_questions_default_order_timestamp,gender,transgender,sexual_orientation,neurodivergent,birth_parent1,birth_parent2,birth_you,birth_you_age,autonomy_pressure,autonomy_express,autonomy_decide,autonomy_told,autonomy_myself,autonomy_choice,life_satisfaction,optimism_future,optimism_best,optimism_good,optimism_work,wellbeing_optimistic,wellbeing_useful,wellbeing_relaxed,wellbeing_problems,wellbeing_thinking,wellbeing_close,wellbeing_mind,esteem_satisfied,esteem_qualities,esteem_well,esteem_value,esteem_good,stress_control,stress_overcome,stress_confident,stress_way,appearance_happy,appearance_feel,negative_lonely,negative_unhappy,negative_like,negative_cry,negative_school,negative_worry,negative_sleep,negative_wake,negative_shy,negative_scared,lonely,support_ways,support_look,sleep,physical_days,physical_hours,free_like,media_hours,media_interact,media_browse,media_total,media_error,places_freq,places_barriers___1,places_barriers___2,places_barriers___3,places_barriers___4,places_barriers___5,places_barriers___6,places_barriers___7,places_barriers___8,places_barriers___9,school_belong,staff_interest,staff_believe,staff_best,staff_listen,staff_talk,staff_talk_listen,staff_talk_helpful,staff_talk_if,accept_staff,home_interest,home_believe,home_best,home_listen,home_talk,home_talk_listen,home_talk_helpful,home_talk_if,accept_home,home_happy,young_carer,care_experience,local_safe,local_support,local_trust,local_neighbours,local_places,discrim_race,discrim_gender,discrim_orientation,discrim_disability,discrim_faith,belong_local,accept_local,wealth,future_options,future_interest,future_support,climate,social_along,social_time,social_support,social_hard,bully_physical,bully_other,bully_cyber,peer_talk,peer_talk_listen,peer_talk_helpful,peer_talk_if,accept_peer,survey_questions_default_order_complete,survey_questions_shuffle_1_timestamp,sleep_shuffle_1,physical_days_shuffle_1,physical_hours_shuffle_1,home_interest_shuffle_1,home_believe_shuffle_1,home_best_shuffle_1,home_listen_shuffle_1,home_talk_shuffle_1,home_talk_listen_shuffle_1,home_talk_helpful_shuffle_1,home_talk_if_shuffle_1,accept_home_shuffle_1,home_happy_shuffle_1,young_carer_shuffle_1,care_experience_shuffle_1,local_safe_shuffle_1,local_support_shuffle_1,local_trust_shuffle_1,local_neighbours_shuffle_1,local_places_shuffle_1,discrim_race_shuffle_1,discrim_gender_shuffle_1,discrim_orientation_shuffle_1,discrim_disability_shuffle_1,discrim_faith_shuffle_1,belong_local_shuffle_1,accept_local_shuffle_1,wealth_shuffle_1,future_options_shuffle_1,future_interest_shuffle_1,future_support_shuffle_1,climate_shuffle_1,school_belong_shuffle_1,staff_interest_shuffle_1,staff_believe_shuffle_1,staff_best_shuffle_1,staff_listen_shuffle_1,staff_talk_shuffle_1,staff_talk_listen_shuffle_1,staff_talk_helpful_shuffle_1,staff_talk_if_shuffle_1,accept_staff_shuffle_1,negative_lonely_shuffle_1,negative_unhappy_shuffle_1,negative_like_shuffle_1,negative_cry_shuffle_1,negative_school_shuffle_1,negative_worry_shuffle_1,negative_sleep_shuffle_1,negative_wake_shuffle_1,negative_shy_shuffle_1,negative_scared_shuffle_1,lonely_shuffle_1,support_ways_shuffle_1,support_look_shuffle_1,gender_shuffle_1,transgender_shuffle_1,sexual_orientation_shuffle_1,neurodivergent_shuffle_1,birth_parent1_shuffle_1,birth_parent2_shuffle_1,birth_you_shuffle_1,birth_you_age_shuffle_1,social_along_shuffle_1,social_time_shuffle_1,social_support_shuffle_1,social_hard_shuffle_1,bully_physical_shuffle_1,bully_other_shuffle_1,bully_cyber_shuffle_1,peer_talk_shuffle_1,peer_talk_listen_shuffle_1,peer_talk_helpful_shuffle_1,peer_talk_if_shuffle_1,accept_peer_shuffle_1,autonomy_pressure_shuffle_1,autonomy_express_shuffle_1,autonomy_decide_shuffle_1,autonomy_told_shuffle_1,autonomy_myself_shuffle_1,autonomy_choice_shuffle_1,life_satisfaction_shuffle_1,optimism_future_shuffle_1,optimism_best_shuffle_1,optimism_good_shuffle_1,optimism_work_shuffle_1,wellbeing_optimistic_shuffle_1,wellbeing_useful_shuffle_1,wellbeing_relaxed_shuffle_1,wellbeing_problems_shuffle_1,wellbeing_thinking_shuffle_1,wellbeing_close_shuffle_1,wellbeing_mind_shuffle_1,esteem_satisfied_shuffle_1,esteem_qualities_shuffle_1,esteem_well_shuffle_1,esteem_value_shuffle_1,esteem_good_shuffle_1,stress_control_shuffle_1,stress_overcome_shuffle_1,stress_confident_shuffle_1,stress_way_shuffle_1,appearance_happy_shuffle_1,appearance_feel_shuffle_1,free_like_shuffle_1,media_hours_shuffle_1,media_interact_shuffle_1,media_browse_shuffle_1,media_total_shuffle_1,media_error_shuffle_1,places_freq_shuffle_1,places_barriers_shuffle_1___1,places_barriers_shuffle_1___2,places_barriers_shuffle_1___3,places_barriers_shuffle_1___4,places_barriers_shuffle_1___5,places_barriers_shuffle_1___6,places_barriers_shuffle_1___7,places_barriers_shuffle_1___8,places_barriers_shuffle_1___9,survey_questions_shuffle_1_complete,survey_questions_shuffle_2_timestamp,sleep_shuffle_2,physical_days_shuffle_2,physical_hours_shuffle_2,negative_lonely_shuffle_2,negative_unhappy_shuffle_2,negative_like_shuffle_2,negative_cry_shuffle_2,negative_school_shuffle_2,negative_worry_shuffle_2,negative_sleep_shuffle_2,negative_wake_shuffle_2,negative_shy_shuffle_2,negative_scared_shuffle_2,lonely_shuffle_2,support_ways_shuffle_2,support_look_shuffle_2,home_interest_shuffle_2,home_believe_shuffle_2,home_best_shuffle_2,home_listen_shuffle_2,home_talk_shuffle_2,home_talk_listen_shuffle_2,home_talk_helpful_shuffle_2,home_talk_if_shuffle_2,accept_home_shuffle_2,free_like_shuffle_2,media_hours_shuffle_2,media_interact_shuffle_2,media_browse_shuffle_2,media_total_shuffle_2,media_error_shuffle_2,places_freq_shuffle_2,places_barriers_shuffle_2___1,places_barriers_shuffle_2___2,places_barriers_shuffle_2___3,places_barriers_shuffle_2___4,places_barriers_shuffle_2___5,places_barriers_shuffle_2___6,places_barriers_shuffle_2___7,places_barriers_shuffle_2___8,places_barriers_shuffle_2___9,school_belong_shuffle_2,staff_interest_shuffle_2,staff_believe_shuffle_2,staff_best_shuffle_2,staff_listen_shuffle_2,staff_talk_shuffle_2,staff_talk_listen_shuffle_2,staff_talk_helpful_shuffle_2,staff_talk_if_shuffle_2,accept_staff_shuffle_2,home_happy_shuffle_2,young_carer_shuffle_2,care_experience_shuffle_2,local_safe_shuffle_2,local_support_shuffle_2,local_trust_shuffle_2,local_neighbours_shuffle_2,local_places_shuffle_2,discrim_race_shuffle_2,discrim_gender_shuffle_2,discrim_orientation_shuffle_2,discrim_disability_shuffle_2,discrim_faith_shuffle_2,belong_local_shuffle_2,accept_local_shuffle_2,wealth_shuffle_2,wellbeing_optimistic_shuffle_2,wellbeing_useful_shuffle_2,wellbeing_relaxed_shuffle_2,wellbeing_problems_shuffle_2,wellbeing_thinking_shuffle_2,wellbeing_close_shuffle_2,wellbeing_mind_shuffle_2,esteem_satisfied_shuffle_2,esteem_qualities_shuffle_2,esteem_well_shuffle_2,esteem_value_shuffle_2,esteem_good_shuffle_2,stress_control_shuffle_2,stress_overcome_shuffle_2,stress_confident_shuffle_2,stress_way_shuffle_2,appearance_happy_shuffle_2,appearance_feel_shuffle_2,social_along_shuffle_2,social_time_shuffle_2,social_support_shuffle_2,social_hard_shuffle_2,bully_physical_shuffle_2,bully_other_shuffle_2,bully_cyber_shuffle_2,peer_talk_shuffle_2,peer_talk_listen_shuffle_2,peer_talk_helpful_shuffle_2,peer_talk_if_shuffle_2,accept_peer_shuffle_2,autonomy_pressure_shuffle_2,autonomy_express_shuffle_2,autonomy_decide_shuffle_2,autonomy_told_shuffle_2,autonomy_myself_shuffle_2,autonomy_choice_shuffle_2,life_satisfaction_shuffle_2,optimism_future_shuffle_2,optimism_best_shuffle_2,optimism_good_shuffle_2,optimism_work_shuffle_2,gender_shuffle_2,transgender_shuffle_2,sexual_orientation_shuffle_2,neurodivergent_shuffle_2,birth_parent1_shuffle_2,birth_parent2_shuffle_2,birth_you_shuffle_2,birth_you_age_shuffle_2,future_options_shuffle_2,future_interest_shuffle_2,future_support_shuffle_2,climate_shuffle_2,survey_questions_shuffle_2_complete,survey_questions_shuffle_3_timestamp,free_like_shuffle_3,media_hours_shuffle_3,media_interact_shuffle_3,media_browse_shuffle_3,media_total_shuffle_3,media_error_shuffle_3,places_freq_shuffle_3,places_barriers_shuffle_3___1,places_barriers_shuffle_3___2,places_barriers_shuffle_3___3,places_barriers_shuffle_3___4,places_barriers_shuffle_3___5,places_barriers_shuffle_3___6,places_barriers_shuffle_3___7,places_barriers_shuffle_3___8,places_barriers_shuffle_3___9,autonomy_pressure_shuffle_3,autonomy_express_shuffle_3,autonomy_decide_shuffle_3,autonomy_told_shuffle_3,autonomy_myself_shuffle_3,autonomy_choice_shuffle_3,life_satisfaction_shuffle_3,optimism_future_shuffle_3,optimism_best_shuffle_3,optimism_good_shuffle_3,optimism_work_shuffle_3,home_interest_shuffle_3,home_believe_shuffle_3,home_best_shuffle_3,home_listen_shuffle_3,home_talk_shuffle_3,home_talk_listen_shuffle_3,home_talk_helpful_shuffle_3,home_talk_if_shuffle_3,accept_home_shuffle_3,home_happy_shuffle_3,young_carer_shuffle_3,care_experience_shuffle_3,local_safe_shuffle_3,local_support_shuffle_3,local_trust_shuffle_3,local_neighbours_shuffle_3,local_places_shuffle_3,discrim_race_shuffle_3,discrim_gender_shuffle_3,discrim_orientation_shuffle_3,discrim_disability_shuffle_3,discrim_faith_shuffle_3,belong_local_shuffle_3,accept_local_shuffle_3,wealth_shuffle_3,gender_shuffle_3,transgender_shuffle_3,sexual_orientation_shuffle_3,neurodivergent_shuffle_3,birth_parent1_shuffle_3,birth_parent2_shuffle_3,birth_you_shuffle_3,birth_you_age_shuffle_3,social_along_shuffle_3,social_time_shuffle_3,social_support_shuffle_3,social_hard_shuffle_3,bully_physical_shuffle_3,bully_other_shuffle_3,bully_cyber_shuffle_3,peer_talk_shuffle_3,peer_talk_listen_shuffle_3,peer_talk_helpful_shuffle_3,peer_talk_if_shuffle_3,accept_peer_shuffle_3,school_belong_shuffle_3,staff_interest_shuffle_3,staff_believe_shuffle_3,staff_best_shuffle_3,staff_listen_shuffle_3,staff_talk_shuffle_3,staff_talk_listen_shuffle_3,staff_talk_helpful_shuffle_3,staff_talk_if_shuffle_3,accept_staff_shuffle_3,future_options_shuffle_3,future_interest_shuffle_3,future_support_shuffle_3,climate_shuffle_3,wellbeing_optimistic_shuffle_3,wellbeing_useful_shuffle_3,wellbeing_relaxed_shuffle_3,wellbeing_problems_shuffle_3,wellbeing_thinking_shuffle_3,wellbeing_close_shuffle_3,wellbeing_mind_shuffle_3,esteem_satisfied_shuffle_3,esteem_qualities_shuffle_3,esteem_well_shuffle_3,esteem_value_shuffle_3,esteem_good_shuffle_3,stress_control_shuffle_3,stress_overcome_shuffle_3,stress_confident_shuffle_3,stress_way_shuffle_3,appearance_happy_shuffle_3,appearance_feel_shuffle_3,negative_lonely_shuffle_3,negative_unhappy_shuffle_3,negative_like_shuffle_3,negative_cry_shuffle_3,negative_school_shuffle_3,negative_worry_shuffle_3,negative_sleep_shuffle_3,negative_wake_shuffle_3,negative_shy_shuffle_3,negative_scared_shuffle_3,lonely_shuffle_3,support_ways_shuffle_3,support_look_shuffle_3,sleep_shuffle_3,physical_days_shuffle_3,physical_hours_shuffle_3,survey_questions_shuffle_3_complete,survey_questions_shuffle_4_timestamp,free_like_shuffle_4,media_hours_shuffle_4,media_interact_shuffle_4,media_browse_shuffle_4,media_total_shuffle_4,media_error_shuffle_4,places_freq_shuffle_4,places_barriers_shuffle_4___1,places_barriers_shuffle_4___2,places_barriers_shuffle_4___3,places_barriers_shuffle_4___4,places_barriers_shuffle_4___5,places_barriers_shuffle_4___6,places_barriers_shuffle_4___7,places_barriers_shuffle_4___8,places_barriers_shuffle_4___9,autonomy_pressure_shuffle_4,autonomy_express_shuffle_4,autonomy_decide_shuffle_4,autonomy_told_shuffle_4,autonomy_myself_shuffle_4,autonomy_choice_shuffle_4,life_satisfaction_shuffle_4,optimism_future_shuffle_4,optimism_best_shuffle_4,optimism_good_shuffle_4,optimism_work_shuffle_4,wellbeing_optimistic_shuffle_4,wellbeing_useful_shuffle_4,wellbeing_relaxed_shuffle_4,wellbeing_problems_shuffle_4,wellbeing_thinking_shuffle_4,wellbeing_close_shuffle_4,wellbeing_mind_shuffle_4,esteem_satisfied_shuffle_4,esteem_qualities_shuffle_4,esteem_well_shuffle_4,esteem_value_shuffle_4,esteem_good_shuffle_4,stress_control_shuffle_4,stress_overcome_shuffle_4,stress_confident_shuffle_4,stress_way_shuffle_4,appearance_happy_shuffle_4,appearance_feel_shuffle_4,home_interest_shuffle_4,home_believe_shuffle_4,home_best_shuffle_4,home_listen_shuffle_4,home_talk_shuffle_4,home_talk_listen_shuffle_4,home_talk_helpful_shuffle_4,home_talk_if_shuffle_4,accept_home_shuffle_4,home_happy_shuffle_4,young_carer_shuffle_4,care_experience_shuffle_4,local_safe_shuffle_4,local_support_shuffle_4,local_trust_shuffle_4,local_neighbours_shuffle_4,local_places_shuffle_4,discrim_race_shuffle_4,discrim_gender_shuffle_4,discrim_orientation_shuffle_4,discrim_disability_shuffle_4,discrim_faith_shuffle_4,belong_local_shuffle_4,accept_local_shuffle_4,wealth_shuffle_4,social_along_shuffle_4,social_time_shuffle_4,social_support_shuffle_4,social_hard_shuffle_4,bully_physical_shuffle_4,bully_other_shuffle_4,bully_cyber_shuffle_4,peer_talk_shuffle_4,peer_talk_listen_shuffle_4,peer_talk_helpful_shuffle_4,peer_talk_if_shuffle_4,accept_peer_shuffle_4,school_belong_shuffle_4,staff_interest_shuffle_4,staff_believe_shuffle_4,staff_best_shuffle_4,staff_listen_shuffle_4,staff_talk_shuffle_4,staff_talk_listen_shuffle_4,staff_talk_helpful_shuffle_4,staff_talk_if_shuffle_4,accept_staff_shuffle_4,gender_shuffle_4,transgender_shuffle_4,sexual_orientation_shuffle_4,neurodivergent_shuffle_4,birth_parent1_shuffle_4,birth_parent2_shuffle_4,birth_you_shuffle_4,birth_you_age_shuffle_4,sleep_shuffle_4,physical_days_shuffle_4,physical_hours_shuffle_4,negative_lonely_shuffle_4,negative_unhappy_shuffle_4,negative_like_shuffle_4,negative_cry_shuffle_4,negative_school_shuffle_4,negative_worry_shuffle_4,negative_sleep_shuffle_4,negative_wake_shuffle_4,negative_shy_shuffle_4,negative_scared_shuffle_4,lonely_shuffle_4,support_ways_shuffle_4,support_look_shuffle_4,future_options_shuffle_4,future_interest_shuffle_4,future_support_shuffle_4,climate_shuffle_4,survey_questions_shuffle_4_complete,survey_questions_shuffle_5_timestamp,future_options_shuffle_5,future_interest_shuffle_5,future_support_shuffle_5,climate_shuffle_5,wellbeing_optimistic_shuffle_5,wellbeing_useful_shuffle_5,wellbeing_relaxed_shuffle_5,wellbeing_problems_shuffle_5,wellbeing_thinking_shuffle_5,wellbeing_close_shuffle_5,wellbeing_mind_shuffle_5,esteem_satisfied_shuffle_5,esteem_qualities_shuffle_5,esteem_well_shuffle_5,esteem_value_shuffle_5,esteem_good_shuffle_5,stress_control_shuffle_5,stress_overcome_shuffle_5,stress_confident_shuffle_5,stress_way_shuffle_5,appearance_happy_shuffle_5,appearance_feel_shuffle_5,negative_lonely_shuffle_5,negative_unhappy_shuffle_5,negative_like_shuffle_5,negative_cry_shuffle_5,negative_school_shuffle_5,negative_worry_shuffle_5,negative_sleep_shuffle_5,negative_wake_shuffle_5,negative_shy_shuffle_5,negative_scared_shuffle_5,lonely_shuffle_5,support_ways_shuffle_5,support_look_shuffle_5,autonomy_pressure_shuffle_5,autonomy_express_shuffle_5,autonomy_decide_shuffle_5,autonomy_told_shuffle_5,autonomy_myself_shuffle_5,autonomy_choice_shuffle_5,life_satisfaction_shuffle_5,optimism_future_shuffle_5,optimism_best_shuffle_5,optimism_good_shuffle_5,optimism_work_shuffle_5,gender_shuffle_5,transgender_shuffle_5,sexual_orientation_shuffle_5,neurodivergent_shuffle_5,birth_parent1_shuffle_5,birth_parent2_shuffle_5,birth_you_shuffle_5,birth_you_age_shuffle_5,social_along_shuffle_5,social_time_shuffle_5,social_support_shuffle_5,social_hard_shuffle_5,bully_physical_shuffle_5,bully_other_shuffle_5,bully_cyber_shuffle_5,peer_talk_shuffle_5,peer_talk_listen_shuffle_5,peer_talk_helpful_shuffle_5,peer_talk_if_shuffle_5,accept_peer_shuffle_5,home_happy_shuffle_5,young_carer_shuffle_5,care_experience_shuffle_5,local_safe_shuffle_5,local_support_shuffle_5,local_trust_shuffle_5,local_neighbours_shuffle_5,local_places_shuffle_5,discrim_race_shuffle_5,discrim_gender_shuffle_5,discrim_orientation_shuffle_5,discrim_disability_shuffle_5,discrim_faith_shuffle_5,belong_local_shuffle_5,accept_local_shuffle_5,wealth_shuffle_5,home_interest_shuffle_5,home_believe_shuffle_5,home_best_shuffle_5,home_listen_shuffle_5,home_talk_shuffle_5,home_talk_listen_shuffle_5,home_talk_helpful_shuffle_5,home_talk_if_shuffle_5,accept_home_shuffle_5,school_belong_shuffle_5,staff_interest_shuffle_5,staff_believe_shuffle_5,staff_best_shuffle_5,staff_listen_shuffle_5,staff_talk_shuffle_5,staff_talk_listen_shuffle_5,staff_talk_helpful_shuffle_5,staff_talk_if_shuffle_5,accept_staff_shuffle_5,free_like_shuffle_5,media_hours_shuffle_5,media_interact_shuffle_5,media_browse_shuffle_5,media_total_shuffle_5,media_error_shuffle_5,places_freq_shuffle_5,places_barriers_shuffle_5___1,places_barriers_shuffle_5___2,places_barriers_shuffle_5___3,places_barriers_shuffle_5___4,places_barriers_shuffle_5___5,places_barriers_shuffle_5___6,places_barriers_shuffle_5___7,places_barriers_shuffle_5___8,places_barriers_shuffle_5___9,sleep_shuffle_5,physical_days_shuffle_5,physical_hours_shuffle_5,survey_questions_shuffle_5_complete,survey_questions_shuffle_6_timestamp,future_options_shuffle_6,future_interest_shuffle_6,future_support_shuffle_6,climate_shuffle_6,school_belong_shuffle_6,staff_interest_shuffle_6,staff_believe_shuffle_6,staff_best_shuffle_6,staff_listen_shuffle_6,staff_talk_shuffle_6,staff_talk_listen_shuffle_6,staff_talk_helpful_shuffle_6,staff_talk_if_shuffle_6,accept_staff_shuffle_6,social_along_shuffle_6,social_time_shuffle_6,social_support_shuffle_6,social_hard_shuffle_6,bully_physical_shuffle_6,bully_other_shuffle_6,bully_cyber_shuffle_6,peer_talk_shuffle_6,peer_talk_listen_shuffle_6,peer_talk_helpful_shuffle_6,peer_talk_if_shuffle_6,accept_peer_shuffle_6,negative_lonely_shuffle_6,negative_unhappy_shuffle_6,negative_like_shuffle_6,negative_cry_shuffle_6,negative_school_shuffle_6,negative_worry_shuffle_6,negative_sleep_shuffle_6,negative_wake_shuffle_6,negative_shy_shuffle_6,negative_scared_shuffle_6,lonely_shuffle_6,support_ways_shuffle_6,support_look_shuffle_6,sleep_shuffle_6,physical_days_shuffle_6,physical_hours_shuffle_6,gender_shuffle_6,transgender_shuffle_6,sexual_orientation_shuffle_6,neurodivergent_shuffle_6,birth_parent1_shuffle_6,birth_parent2_shuffle_6,birth_you_shuffle_6,birth_you_age_shuffle_6,wellbeing_optimistic_shuffle_6,wellbeing_useful_shuffle_6,wellbeing_relaxed_shuffle_6,wellbeing_problems_shuffle_6,wellbeing_thinking_shuffle_6,wellbeing_close_shuffle_6,wellbeing_mind_shuffle_6,esteem_satisfied_shuffle_6,esteem_qualities_shuffle_6,esteem_well_shuffle_6,esteem_value_shuffle_6,esteem_good_shuffle_6,stress_control_shuffle_6,stress_overcome_shuffle_6,stress_confident_shuffle_6,stress_way_shuffle_6,appearance_happy_shuffle_6,appearance_feel_shuffle_6,home_interest_shuffle_6,home_believe_shuffle_6,home_best_shuffle_6,home_listen_shuffle_6,home_talk_shuffle_6,home_talk_listen_shuffle_6,home_talk_helpful_shuffle_6,home_talk_if_shuffle_6,accept_home_shuffle_6,home_happy_shuffle_6,young_carer_shuffle_6,care_experience_shuffle_6,local_safe_shuffle_6,local_support_shuffle_6,local_trust_shuffle_6,local_neighbours_shuffle_6,local_places_shuffle_6,discrim_race_shuffle_6,discrim_gender_shuffle_6,discrim_orientation_shuffle_6,discrim_disability_shuffle_6,discrim_faith_shuffle_6,belong_local_shuffle_6,accept_local_shuffle_6,wealth_shuffle_6,autonomy_pressure_shuffle_6,autonomy_express_shuffle_6,autonomy_decide_shuffle_6,autonomy_told_shuffle_6,autonomy_myself_shuffle_6,autonomy_choice_shuffle_6,life_satisfaction_shuffle_6,optimism_future_shuffle_6,optimism_best_shuffle_6,optimism_good_shuffle_6,optimism_work_shuffle_6,free_like_shuffle_6,media_hours_shuffle_6,media_interact_shuffle_6,media_browse_shuffle_6,media_total_shuffle_6,media_error_shuffle_6,places_freq_shuffle_6,places_barriers_shuffle_6___1,places_barriers_shuffle_6___2,places_barriers_shuffle_6___3,places_barriers_shuffle_6___4,places_barriers_shuffle_6___5,places_barriers_shuffle_6___6,places_barriers_shuffle_6___7,places_barriers_shuffle_6___8,places_barriers_shuffle_6___9,survey_questions_shuffle_6_complete
1,survey_completion_arm_1,,"2023-10-06 12:11:47",1,2,,,,,,,,,,,,,,,,,,,,,,,,,,,,,,,,,,,,,,,,,,,,,,,,,,,,,,,,,,,,,,,,,,,,,,,,,,,,,,,,,,,,,,,,,,,,,,,,,,,,,,,,,,,,,,,,,,,,,,,,,,,"[not completed]",0,3,30,,,,,,,,,,,,,,,,,,,,,,,,,,,,,,,,,,,,,,,,,,,,,,,,,,,,,,,,,,,,,,,,,,,,,,,,,,,,,,,,,,,,,,,,,,,,,,,,,,,,,,,,,,,,,0,0,0,0,0,0,0,0,0,0,,,,,,,,,,,,,,,,,,,,,,,,,,,,,,,,,,,,,,,,,,,,,,,,,,,,,,,,,,,,,,,,,,,,,,,,,,,,,,,,,,,,,,,,,,,,,,,,,,,,,,,,,,,,,,,,,,,,,,,,,,,,,,,,,,,,,,,,,,,,,,,,,,,,,,,,,,,,,,,,,,,,,,,,,,,,,,,,,,,,,,,,,,,,,,,,,,,,,,,,,,,,,,,,,,,,,,,,,,,,,,,,,,,,,,,,,,,,,,,,,,,,,,,,,,,,,,,,,,,,,,,,,,,,,,,,,,,,,,,,,,,,,,,,,,,,,,,,,,,,,,,,,,,,,,,,,,,,,,,,,,,,,,,,,,,,,,,,,,,,,,,,,,,,,,,,,,,,,,,,,,,,,,,,,,,,,,,,,,,,,,,,,,,,,,,,,,,,,,,,,,,,,,,,,,,,,,,,,,,,,,,,,,,,,,,,,,,,,,,,,,,,,,,,,,,,,,,,,,,,,,,,,,,,,,,,,,,,,,,,,,,,,,,,,,,,,,,,,,,,,,,,,,,,,,,,,,,,,,,,,,,,,,,,,,,,,,,,,,,,,,,,,,,,,,,,,,,,,,,,,,,,,,,,,,,,,,,,,,,,,,,,,,,,,,,,,,,,,,,,,,,,,,,,,,
2,survey_completion_arm_1,,"2023-10-06 13:06:38",1,2,,,,,,,,,,,,,,,,,,,,,,,,,,,,,,,,,,,,,,,,,,,,,,,,,,,,,,,,,,,,,,,,,,,,,,,,,,,,,,,,,,,,,,,,,,,,,,,,,,,,,,,,,,,,,,,,,,,,,,,,,,,"[not completed]",,,,,,,,,,,,,,,,,,,,,,,,,,,,,,,,,,,,,,,,,,,,,,,,,,,,,,,,,,,,,,,,,,,,,,,,,,,,,,,,,,,,,,,,,,,,,,,,,,,,,,,,,,,,,,,,0,0,0,0,0,0,0,0,0,0,,,,,,,,,,,,,,,,,,,,,,,,,,,,,,,,,,,,,,,,,,,,,,,,,,,,,,,,,,,,,,,,,,,,,,,,,,,,,,,,,,,,,,,,,,,,,,,,,,,,,,,,,,,,,,,,,,,,,,,,,,,,,,,,,,,,,,,,,,,,,,,,,,,,,,,,,,,,,,,,,,,,,,,,,,,,,,,,,,,,,,,,,,,,,,,,,,,,,,,,,,,,,,,,,,,,,,,,,,,,,,,,,,,,,,,,,,,,,,,,,,,,,,,,,,,,,,,,,,,,,,,,,,,,,,,,,,,,,,,,,,,,,,,,,,,,,,,,,,,,,,,,,,,,,,,,,,,,,,,,,,,,,,,,,,,,,,,,,,,,,,,,,,,,,,,,,,,,,,,,,,,,,,,,,,,,,,,,,,,,,,,,,,,,,,,,,,,,,,,,,,,,,,,,,,,,,,,,,,,,,,,,,,,,,,,,,,,,,,,,,,,,,,,,,,,,,,,,,,,,,,,,,,,,,,,,,,,,,,,,,,,,,,,,,,,,,,,,,,,,,,,,,,,,,,,,,,,,,,,,,,,,,,,,,,,,,,,,,,,,,,,,,,,,,,,,,,,,,,,,,,,,,,,,,,,,,,,,,,,,,,,,,,,,,,,,,,,,,,,,,,,,,,,,,,
3,survey_completion_arm_1,,"2023-10-10 16:00:13",1,2,,,,,,,,,,,,,,,,,,,,,,,,,,,,,,,,,,,,,,,,,,,,,,,,,,,,,,,,,,,,,,,,,,,,,,,,,,,,,,,,,,,,,,,,,,,,,,,,,,,,,,,,,,,,,,,,,,,,,,,,,,,"2023-10-10 16:12:32",1,4,90,4,4,4,4,1,2,3,,3,4,0,0,1,2,2,2,2,2,2,2,2,2,1,1,1,1,1,1,1,1,1,1,1,1,1,1,1,,1,1,1,1,1,1,1,1,1,1,1,1,1,1,1,1,1,1,1,1,1,1,1,1,1,1,1,1,1,1,1,1,,1,1,1,1,1,1,1,0,1,1,1,1,1,1,1,1,1,1,1,1,1,1,1,1,1,1,1,1,0,1,1,3,,,,,2,1,0,0,0,0,0,0,0,0,2,,,,,,,,,,,,,,,,,,,,,,,,,,,,,,,,,,,,,,,,,,,,,,,,,,,,,,,,,,,,,,,,,,,,,,,,,,,,,,,,,,,,,,,,,,,,,,,,,,,,,,,,,,,,,,,,,,,,,,,,,,,,,,,,,,,,,,,,,,,,,,,,,,,,,,,,,,,,,,,,,,,,,,,,,,,,,,,,,,,,,,,,,,,,,,,,,,,,,,,,,,,,,,,,,,,,,,,,,,,,,,,,,,,,,,,,,,,,,,,,,,,,,,,,,,,,,,,,,,,,,,,,,,,,,,,,,,,,,,,,,,,,,,,,,,,,,,,,,,,,,,,,,,,,,,,,,,,,,,,,,,,,,,,,,,,,,,,,,,,,,,,,,,,,,,,,,,,,,,,,,,,,,,,,,,,,,,,,,,,,,,,,,,,,,,,,,,,,,,,,,,,,,,,,,,,,,,,,,,,,,,,,,,,,,,,,,,,,,,,,,,,,,,,,,,,,,,,,,,,,,,,,,,,,,,,,,,,,,,,,,,,,,,,,,,,,,,,,,,,,,,,,,,,,,,,,,,,,,,,,,,,,,,,,,,,,,,,,,,,,,,,,,,,,,,,,,,,,,,,,,,,,,,,,,,,,,,,,,,,,,,,,,,,,,,,,,,,,,,,,,,,,,,,,,,
4,survey_completion_arm_2,,"2023-10-10 16:00:27",1,2,,,,,,,,,,,,,,,,,,,,,,,,,,,,,,,,,,,,,,,,,,,,,,,,,,,,,,,,,,,,,,,,,,,,,,,,,,,,,,,,,,,,,,,,,,,,,,,,,,,,,,,,,,,,,,,,,,,,,,,,,,,,,,,,,,,,,,,,,,,,,,,,,,,,,,,,,,,,,,,,,,,,,,,,,,,,,,,,,,,,,,,,,,,,,,,,,,,,,,,,,,,,,,,,,,,,,,,,,,,,,,,,,,,,,,,,,,,,,,,,,,,,,,,,,,,,,,,,,,,,,,,,,,,,,,,,,,,,,,0,0,0,0,0,0,0,0,0,,,,,,,,,,,,,,,,,,,,,,,,,,,,,,,,,,,,,,,,,,,,,,,,,,,,,,,,,,,,,,,,,,,,,,,,,,,,,,,,,,,,,,,,,,,,,,,,,,,,,,,,,,,,,,,,,,,,,,,,,,,,,,,,,,,,,,,,,,,,,,,,,,,,,,,,,,,,,,,,,,,,,,,,,,,,,,,,,,,,,,,,,,,,,,,,,,,,,,,,,,,,,,,,,,,,,,,,,,,,,,,,,,,,,,,,,,,,,,,,,,,,,,,,,,,,,,,,,,,,,,,,,,,,,,,,,,,,,,,,,,,,,,,,,,,,,,,,,,,,,,,,,,,,,,,,,,,,,,,,,,,,,,,,,,,,,,,,,,,,,,,,,,,,,,,,,,,,,,,,,,,,,,,,,,,,,,,,,,,,,,,,,,,,,,,,,,,,,,,,,,,,,,,,,,,,,,,,,,,,,,,,,,,,,,,,,,,,,,,,,,,,,,,,,,,,,,,,,,,,,,,,,,,,,,,,,,,,,,,,,,,,,,,,,,,,,,,,,,,,,,,,,,,,,,,,,,,,,,,,,,,,,,,,,,,,,,,,,,,,,,,,,,,,,,,,,,,,,,,,,,,,,,,,
5,survey_completion_arm_1,,"2023-10-11 11:39:58",1,2,,,,,,,,,,,,,,,,,,,,,,,,,,,,,,,,,,,,,,,,,,,,,,,,,,,,,,,,,,,,,,,,,,,,,,,,,,,,,,,,,,,,,,,,,,,,,,,,,,,,,,,,,,,,,,,,,,,,,,,,,,,"[not completed]",,,,,,,,,,,,,,,,,,,,,,,,,,,,,,,,,,,,,,,,,,,,,,,,,,,,,,,,,,,,,,,,,,,,,,,,,,,,,,,,,,,,,,,,,,,,,,,,,,,,,,,,,,,,,,,,0,0,0,0,0,0,0,0,0,0,,,,,,,,,,,,,,,,,,,,,,,,,,,,,,,,,,,,,,,,,,,,,,,,,,,,,,,,,,,,,,,,,,,,,,,,,,,,,,,,,,,,,,,,,,,,,,,,,,,,,,,,,,,,,,,,,,,,,,,,,,,,,,,,,,,,,,,,,,,,,,,,,,,,,,,,,,,,,,,,,,,,,,,,,,,,,,,,,,,,,,,,,,,,,,,,,,,,,,,,,,,,,,,,,,,,,,,,,,,,,,,,,,,,,,,,,,,,,,,,,,,,,,,,,,,,,,,,,,,,,,,,,,,,,,,,,,,,,,,,,,,,,,,,,,,,,,,,,,,,,,,,,,,,,,,,,,,,,,,,,,,,,,,,,,,,,,,,,,,,,,,,,,,,,,,,,,,,,,,,,,,,,,,,,,,,,,,,,,,,,,,,,,,,,,,,,,,,,,,,,,,,,,,,,,,,,,,,,,,,,,,,,,,,,,,,,,,,,,,,,,,,,,,,,,,,,,,,,,,,,,,,,,,,,,,,,,,,,,,,,,,,,,,,,,,,,,,,,,,,,,,,,,,,,,,,,,,,,,,,,,,,,,,,,,,,,,,,,,,,,,,,,,,,,,,,,,,,,,,,,,,,,,,,,,,,,,,,,,,,,,,,,,,,,,,,,,,,,,,,,,,,,,,,,,
6,survey_completion_arm_2,,"2023-10-11 11:46:28",1,2,,,,,,,,,,,,,,,,,,,,,,,,,,,,,,,,,,,,,,,,,,,,,,,,,,,,,,,,,,,,,,,,,,,,,,,,,,,,,,,,,,,,,,,,,,,,,,,,,,,,,,,,,,,,,,,,,,,,,,,,,,,,,,,,,,,,,,,,,,,,,,,,,,,,,,,,,,,,,,,,,,,,,,,,,,,,,,,,,,,,,,,,,,,,,,,,,,,,,,,,,,,,,,,,,,,,,,,,,,,,,,,,,,,,,,,,,,,,,,,,,,,,,"[not completed]",,,,,,,,,,,,,,,,,,,,,,,,,,,9,377,,,,,0,0,0,0,0,0,0,0,0,,,,,,,,,,,,,,,,,,,,,,,,,,,,,,,,,,,,,,,,,,,,,,,,,,,,,,,,,,,,,,,,,,,,,,,,,,,,,,,,0,,,,,,,,,,,,,,,,,,,,,,,,,,,,,,,,,,,,,,,,,,,,,,,,,,,,,,,,,,,,,,,,,,,,,,,,,,,,,,,,,,,,,,,,,,,,,,,,,,,,,,,,,,,,,,,,,,,,,,,,,,,,,,,,,,,,,,,,,,,,,,,,,,,,,,,,,,,,,,,,,,,,,,,,,,,,,,,,,,,,,,,,,,,,,,,,,,,,,,,,,,,,,,,,,,,,,,,,,,,,,,,,,,,,,,,,,,,,,,,,,,,,,,,,,,,,,,,,,,,,,,,,,,,,,,,,,,,,,,,,,,,,,,,,,,,,,,,,,,,,,,,,,,,,,,,,,,,,,,,,,,,,,,,,,,,,,,,,,,,,,,,,,,,,,,,,,,,,,,,,,,,,,,,,,,,,,,,,,,,,,,,,,,,,,,,,,,,,,,,,,,,,,,,,,,,,,,,,,,,,,,,,,,,,,,,,,,,,,,,,,,,,,,,,,,,,,,,,,,,,,,,,,,,,,,,,,,,,,,,,,,,,,,,,
7,survey_completion_arm_3,,"2023-10-11 11:52:52",1,2,,,,,,,,,,,,,,,,,,,,,,,,,,,,,,,,,,,,,,,,,,,,,,,,,,,,,,,,,,,,,,,,,,,,,,,,,,,,,,,,,,,,,,,,,,,,,,,,,,,,,,,,,,,,,,,,,,,,,,,,,,,,,,,,,,,,,,,,,,,,,,,,,,,,,,,,,,,,,,,,,,,,,,,,,,,,,,,,,,,,,,,,,,,,,,,,,,,,,,,,,,,,,,,,,,,,,,,,,,,,,,,,,,,,,,,,,,,,,,,,,,,,,,,,,,,,,,,,,,,,,,,,,,,,,,,,,,,,,,,,,,,,,,,,,,,,,,,,,,,,,,,,,,,,,,,,,,,,,,,,,,,,,,,,,,,,,,,,,,,,,,,,,,,,,,,,,,,,,,,,,,,,,,,,,,,,,,,0,0,0,0,0,0,0,0,0,,,,,,,,,,,,,,,,,,,,,,,,,,,,,,,,,,,,,,,,,,,,,,,,,,,,,,,,,,,,,,,,,,,,,,,,,,,,,,,,,,,,,,,,,,,,,,,,,,,,,,,,,,,,,,,,,,,,,,,,,,,,,,,,,,,,,,,,,,,,,,,,,,,,,,,,,,,,,,,,,,,,,,,,,,,,,,,,,,,,,,,,,,,,,,,,,,,,,,,,,,,,,,,,,,,,,,,,,,,,,,,,,,,,,,,,,,,,,,,,,,,,,,,,,,,,,,,,,,,,,,,,,,,,,,,,,,,,,,,,,,,,,,,,,,,,,,,,,,,,,,,,,,,,,,,,,,,,,,,,,,,,,,,,,,,,,,,,,,,,,,,,,,,,,,,,,,,,,,,,,,,,,,,,,,,,,,,,,,,,,,,,,,,,,,,,,,,,,,,,,,,,,,,,,,,,,,,,,,,,,,,,,,,,,,,,,,,,,,,,,,,,,,,,,,,,,,,,,,,,,,,,,,,,,,,
8,survey_completion_arm_4,,"2023-10-11 11:55:25",1,2,,,,,,,,,,,,,,,,,,,,,,,,,,,,,,,,,,,,,,,,,,,,,,,,,,,,,,,,,,,,,,,,,,,,,,,,,,,,,,,,,,,,,,,,,,,,,,,,,,,,,,,,,,,,,,,,,,,,,,,,,,,,,,,,,,,,,,,,,,,,,,,,,,,,,,,,,,,,,,,,,,,,,,,,,,,,,,,,,,,,,,,,,,,,,,,,,,,,,,,,,,,,,,,,,,,,,,,,,,,,,,,,,,,,,,,,,,,,,,,,,,,,,,,,,,,,,,,,,,,,,,,,,,,,,,,,,,,,,,,,,,,,,,,,,,,,,,,,,,,,,,,,,,,,,,,,,,,,,,,,,,,,,,,,,,,,,,,,,,,,,,,,,,,,,,,,,,,,,,,,,,,,,,,,,,,,,,,,,,,,,,,,,,,,,,,,,,,,,,,,,,,,,,,,,,,,,,,,,,,,,,,,,,,,,,,,,,,,,,,,,,,,,,,,,,,,,,,,,,,,,,,,,,,,,,,,,,,,,,,,,,,,,,,,,"[not completed]",5,9,2222,,,,,0,0,0,0,0,0,0,0,0,,,,,,,,,,,,,,,,,,,,,,,,,,,,,,,,,,,,,,,,,,,,,,,,,,,,,,,,,,,,,,,,,,,,,,,,,,,,,,,,,,,,,,,,,,,,,,,,,,,,,,,,,0,,,,,,,,,,,,,,,,,,,,,,,,,,,,,,,,,,,,,,,,,,,,,,,,,,,,,,,,,,,,,,,,,,,,,,,,,,,,,,,,,,,,,,,,,,,,,,,,,,,,,,,,,,,,,,,,,,,,,,,,,,,,,,,,,,,,,,,,,,,,,,,,,,,,,,,,,,,,,,,,,,,,,,,,,,,,,,,,,,,,,,,,,,,,,,,,,,,,,,,,,,,,,,,,,,,,,,,,,,,,,,,,,,,,,,,,,,,,,,,,,,,,
9,survey_completion_arm_5,,"2023-10-11 12:02:55",1,2,,,,,,,,,,,,,,,,,,,,,,,,,,,,,,,,,,,,,,,,,,,,,,,,,,,,,,,,,,,,,,,,,,,,,,,,,,,,,,,,,,,,,,,,,,,,,,,,,,,,,,,,,,,,,,,,,,,,,,,,,,,,,,,,,,,,,,,,,,,,,,,,,,,,,,,,,,,,,,,,,,,,,,,,,,,,,,,,,,,,,,,,,,,,,,,,,,,,,,,,,,,,,,,,,,,,,,,,,,,,,,,,,,,,,,,,,,,,,,,,,,,,,,,,,,,,,,,,,,,,,,,,,,,,,,,,,,,,,,,,,,,,,,,,,,,,,,,,,,,,,,,,,,,,,,,,,,,,,,,,,,,,,,,,,,,,,,,,,,,,,,,,,,,,,,,,,,,,,,,,,,,,,,,,,,,,,,,,,,,,,,,,,,,,,,,,,,,,,,,,,,,,,,,,,,,,,,,,,,,,,,,,,,,,,,,,,,,,,,,,,,,,,,,,,,,,,,,,,,,,,,,,,,,,,,,,,,,,,,,,,,,,,,,,,,,,,,,,,,,,,,,,,,,,,,,,,,,,,,,,,,,,,,,,,,,,,,,,,,,,,,,,,,,,,,,,,,,,,,,,,,,,,,,,,,,,,,,,,,,,,,,,,,,,,,,,,,,,,,,,,,,,,,,,,,,"[not completed]",,,,,,,,,,,,,,,,,,,,,,,,,,,,,,,,,,,,,,,,,,,,,,,,,,,,,,,,,,,,,,,,,,,,,,,,,,,,,,,,,,,,,,,,,,,,,,,,,,,,,,,9,444,,,,,0,0,0,0,0,0,0,0,0,,,,0,,,,,,,,,,,,,,,,,,,,,,,,,,,,,,,,,,,,,,,,,,,,,,,,,,,,,,,,,,,,,,,,,,,,,,,,,,,,,,,,,,,,,,,,,,,,,,,,,,,,,,,,,,,,,,,,,,,,,,,,,,
10,survey_completion_arm_6,,"2023-10-11 12:11:51",1,2,,,,,,,,,,,,,,,,,,,,,,,,,,,,,,,,,,,,,,,,,,,,,,,,,,,,,,,,,,,,,,,,,,,,,,,,,,,,,,,,,,,,,,,,,,,,,,,,,,,,,,,,,,,,,,,,,,,,,,,,,,,,,,,,,,,,,,,,,,,,,,,,,,,,,,,,,,,,,,,,,,,,,,,,,,,,,,,,,,,,,,,,,,,,,,,,,,,,,,,,,,,,,,,,,,,,,,,,,,,,,,,,,,,,,,,,,,,,,,,,,,,,,,,,,,,,,,,,,,,,,,,,,,,,,,,,,,,,,,,,,,,,,,,,,,,,,,,,,,,,,,,,,,,,,,,,,,,,,,,,,,,,,,,,,,,,,,,,,,,,,,,,,,,,,,,,,,,,,,,,,,,,,,,,,,,,,,,,,,,,,,,,,,,,,,,,,,,,,,,,,,,,,,,,,,,,,,,,,,,,,,,,,,,,,,,,,,,,,,,,,,,,,,,,,,,,,,,,,,,,,,,,,,,,,,,,,,,,,,,,,,,,,,,,,,,,,,,,,,,,,,,,,,,,,,,,,,,,,,,,,,,,,,,,,,,,,,,,,,,,,,,,,,,,,,,,,,,,,,,,,,,,,,,,,,,,,,,,,,,,,,,,,,,,,,,,,,,,,,,,,,,,,,,,,,,,,,,,,,,,,,,,,,,,,,,,,,,,,,,,,,,,,,,,,,,,,,,,,,,,,,,,,,,,,,,,,,,,,,,,,,,,,,,,,,,,,,,,,,,,,,,,,,,,,,,,,,,,,,,,,,,,,,,,,,,,,"2023-10-11 12:12:10",,,,,,,,,,,,,,,,,,,,,,,,,,,,,,,,,,,,,,,,,,,,,,,,,,,,,,,,,,,,,,,,,,,,,,,,,,,,,,,,,,,,,,,,,,,,,,,,,,,,,,,,,,,,,,,,0,0,0,0,0,0,0,0,0,2
11,survey_completion_arm_6,,"2023-10-11 12:12:16",1,2,,,,,,,,,,,,,,,,,,,,,,,,,,,,,,,,,,,,,,,,,,,,,,,,,,,,,,,,,,,,,,,,,,,,,,,,,,,,,,,,,,,,,,,,,,,,,,,,,,,,,,,,,,,,,,,,,,,,,,,,,,,,,,,,,,,,,,,,,,,,,,,,,,,,,,,,,,,,,,,,,,,,,,,,,,,,,,,,,,,,,,,,,,,,,,,,,,,,,,,,,,,,,,,,,,,,,,,,,,,,,,,,,,,,,,,,,,,,,,,,,,,,,,,,,,,,,,,,,,,,,,,,,,,,,,,,,,,,,,,,,,,,,,,,,,,,,,,,,,,,,,,,,,,,,,,,,,,,,,,,,,,,,,,,,,,,,,,,,,,,,,,,,,,,,,,,,,,,,,,,,,,,,,,,,,,,,,,,,,,,,,,,,,,,,,,,,,,,,,,,,,,,,,,,,,,,,,,,,,,,,,,,,,,,,,,,,,,,,,,,,,,,,,,,,,,,,,,,,,,,,,,,,,,,,,,,,,,,,,,,,,,,,,,,,,,,,,,,,,,,,,,,,,,,,,,,,,,,,,,,,,,,,,,,,,,,,,,,,,,,,,,,,,,,,,,,,,,,,,,,,,,,,,,,,,,,,,,,,,,,,,,,,,,,,,,,,,,,,,,,,,,,,,,,,,,,,,,,,,,,,,,,,,,,,,,,,,,,,,,,,,,,,,,,,,,,,,,,,,,,,,,,,,,,,,,,,,,,,,,,,,,,,,,,,,,,,,,,,,,,,,,,,,,,,,,,,,,,,,,,,,,,,,,,,,,,,"[not completed]",,,,,,,,,,,,,,,,,,,,,,,,,,,,,,,,,,,,,,,,,,,,,,,,,,,,,,,,,,,,,,,,,,,,,,,,,,,,,,,,,,,,,,,,,,,,,,,,,,,,,,,,,,,,,,,,0,0,0,0,0,0,0,0,0,0
12,survey_completion_arm_4,,"2023-10-11 12:14:49",1,2,,,,,,,,,,,,,,,,,,,,,,,,,,,,,,,,,,,,,,,,,,,,,,,,,,,,,,,,,,,,,,,,,,,,,,,,,,,,,,,,,,,,,,,,,,,,,,,,,,,,,,,,,,,,,,,,,,,,,,,,,,,,,,,,,,,,,,,,,,,,,,,,,,,,,,,,,,,,,,,,,,,,,,,,,,,,,,,,,,,,,,,,,,,,,,,,,,,,,,,,,,,,,,,,,,,,,,,,,,,,,,,,,,,,,,,,,,,,,,,,,,,,,,,,,,,,,,,,,,,,,,,,,,,,,,,,,,,,,,,,,,,,,,,,,,,,,,,,,,,,,,,,,,,,,,,,,,,,,,,,,,,,,,,,,,,,,,,,,,,,,,,,,,,,,,,,,,,,,,,,,,,,,,,,,,,,,,,,,,,,,,,,,,,,,,,,,,,,,,,,,,,,,,,,,,,,,,,,,,,,,,,,,,,,,,,,,,,,,,,,,,,,,,,,,,,,,,,,,,,,,,,,,,,,,,,,,,,,,,,,,,,,,,,,,"[not completed]",,,,,,,,0,0,0,0,0,0,0,0,0,,,,,,,,,,,,,,,,,,,,,,,,,,,,,,,,,,,,,,,,,,,,,,,,,,,,,,,,,,,,,,,,,,,,,,,,,,,,,,,,,,,,,,,,,,,,,,,,,,,,,,,,,0,,,,,,,,,,,,,,,,,,,,,,,,,,,,,,,,,,,,,,,,,,,,,,,,,,,,,,,,,,,,,,,,,,,,,,,,,,,,,,,,,,,,,,,,,,,,,,,,,,,,,,,,,,,,,,,,,,,,,,,,,,,,,,,,,,,,,,,,,,,,,,,,,,,,,,,,,,,,,,,,,,,,,,,,,,,,,,,,,,,,,,,,,,,,,,,,,,,,,,,,,,,,,,,,,,,,,,,,,,,,,,,,,,,,,,,,,,,,,,,,,,,,
13,survey_completion_arm_3,test,"2023-10-11 13:15:37",1,2,,,,,,,,,,,,,,,,,,,,,,,,,,,,,,,,,,,,,,,,,,,,,,,,,,,,,,,,,,,,,,,,,,,,,,,,,,,,,,,,,,,,,,,,,,,,,,,,,,,,,,,,,,,,,,,,,,,,,,,,,,,,,,,,,,,,,,,,,,,,,,,,,,,,,,,,,,,,,,,,,,,,,,,,,,,,,,,,,,,,,,,,,,,,,,,,,,,,,,,,,,,,,,,,,,,,,,,,,,,,,,,,,,,,,,,,,,,,,,,,,,,,,,,,,,,,,,,,,,,,,,,,,,,,,,,,,,,,,,,,,,,,,,,,,,,,,,,,,,,,,,,,,,,,,,,,,,,,,,,,,,,,,,,,,,,,,,,,,,,,,,,,,,,,,,,,,,,,,,,,,,,,,,,"[not completed]",,,,,,,,0,0,0,0,0,0,0,0,0,,,,,,,,,,,,,,,,,,,,,,,,,,,,,,,,,,,,,,,,,,,,,,,,,,,,,,,,,,,,,,,,,,,,,,,,,,,,,,,,,,,,,,,,,,,,,,,,,,,,,,,,,0,,,,,,,,,,,,,,,,,,,,,,,,,,,,,,,,,,,,,,,,,,,,,,,,,,,,,,,,,,,,,,,,,,,,,,,,,,,,,,,,,,,,,,,,,,,,,,,,,,,,,,,,,,,,,,,,,,,,,,,,,,,,,,,,,,,,,,,,,,,,,,,,,,,,,,,,,,,,,,,,,,,,,,,,,,,,,,,,,,,,,,,,,,,,,,,,,,,,,,,,,,,,,,,,,,,,,,,,,,,,,,,,,,,,,,,,,,,,,,,,,,,,,,,,,,,,,,,,,,,,,,,,,,,,,,,,,,,,,,,,,,,,,,,,,,,,,,,,,,,,,,,,,,,,,,,,,,,,,,,,,,,,,,,,,,,,,,,,,,,,,,,,,,,,,,,,,,,,,,,,,,,,,,
14,survey_completion_arm_1,,"2023-10-11 13:20:50",1,2,,,,,,,,,,,,,,,,,,,,,,,,,,,,,,,,,,,,,,,,,,,,,,,,,,,,,,,,,,,,,,,,,,,,,,,,,,,,,,,,,,,,,,,,,,,,,,,,,,,,,,,,,,,,,,,,,,,,,,,,,,,,,,,,,,,,,,,,,,,,,,,,,,,,,,,,,,,,,,,,,,,,,,,,,,,,,,,,,,,,,,,,,,,,,,,,,,,,,,,,,,,,,,,,,,,,,,,,,,,,,,,,,,,,,,,,,,,0,0,0,0,0,0,0,0,0,,,,,,,,,,,,,,,,,,,,,,,,,,,,,,,,,,,,,,,,,,,,,,,,,,,,,,,,,,,,,,,,,,,,,,,,,,,,,,,,,,,,,,,,,,,,,,,,,,,,,,,,,,,,,,,,,,,,,,,,,,,,,,,,,,,,,,,,,,,,,,,,,,,,,,,,,,,,,,,,,,,,,,,,,,,,,,,,,,,,,,,,,,,,,,,,,,,,,,,,,,,,,,,,,,,,,,,,,,,,,,,,,,,,,,,,,,,,,,,,,,,,,,,,,,,,,,,,,,,,,,,,,,,,,,,,,,,,,,,,,,,,,,,,,,,,,,,,,,,,,,,,,,,,,,,,,,,,,,,,,,,,,,,,,,,,,,,,,,,,,,,,,,,,,,,,,,,,,,,,,,,,,,,,,,,,,,,,,,,,,,,,,,,,,,,,,,,,,,,,,,,,,,,,,,,,,,,,,,,,,,,,,,,,,,,,,,,,,,,,,,,,,,,,,,,,,,,,,,,,,,,,,,,,,,,,,,,,,,,,,,,,,,,,,,,,,,,,,,,,,,,,,,,,,,,,,,,,,,,,,,,,,,,,,,,,,,,,,,,,,,,,,,,,,,,,,,,,,,,,,,,,,,,,,,,,,,,,,,,,,,,,,,,,,,,,,,,,,,,,,,,,,,,,,,,
15,survey_completion_arm_1,,"2023-10-11 13:21:08",1,2,,,,,,,,,,,,,,,,,,,,,,,,,,,,,,,,,,,,,,,,,,,,,,,,,,,,,,,,,,,,,,,,,,,,,,,,,,,,,,,,,,,,,,,,,,,,,,,,,,,,,,,,,,,,,,,,,,,,,,,,,,,,,,,,,,,,,,,,,,,,,,,,,,,,,,,,,,,,,,,,,,,,,,,,,,,,,,,,,,,,,,,,,,,,,,,,,,,,,,,,,,,,,,,,,,,,,,,,,,,,,,,,,,,,,,,,,,,0,0,0,0,0,0,0,0,0,,,,,,,,,,,,,,,,,,,,,,,,,,,,,,,,,,,,,,,,,,,,,,,,,,,,,,,,,,,,,,,,,,,,,,,,,,,,,,,,,,,,,,,,,,,,,,,,,,,,,,,,,,,,,,,,,,,,,,,,,,,,,,,,,,,,,,,,,,,,,,,,,,,,,,,,,,,,,,,,,,,,,,,,,,,,,,,,,,,,,,,,,,,,,,,,,,,,,,,,,,,,,,,,,,,,,,,,,,,,,,,,,,,,,,,,,,,,,,,,,,,,,,,,,,,,,,,,,,,,,,,,,,,,,,,,,,,,,,,,,,,,,,,,,,,,,,,,,,,,,,,,,,,,,,,,,,,,,,,,,,,,,,,,,,,,,,,,,,,,,,,,,,,,,,,,,,,,,,,,,,,,,,,,,,,,,,,,,,,,,,,,,,,,,,,,,,,,,,,,,,,,,,,,,,,,,,,,,,,,,,,,,,,,,,,,,,,,,,,,,,,,,,,,,,,,,,,,,,,,,,,,,,,,,,,,,,,,,,,,,,,,,,,,,,,,,,,,,,,,,,,,,,,,,,,,,,,,,,,,,,,,,,,,,,,,,,,,,,,,,,,,,,,,,,,,,,,,,,,,,,,,,,,,,,,,,,,,,,,,,,,,,,,,,,,,,,,,,,,,,,,,,,,,,,,
16,survey_completion_arm_1,Test2,"2023-10-11 13:22:31",1,2,,,,,,,,,,,,,,,,,,,,,,,,,,,,,,,,,,,,,,,,,,,,,,,,,,,,,,,,,,,,,,,,,,,,,,,,,,,,,,,,,,,,,,,,,,,,,,,,,,,,,,,,,,,,,,,,,,,,,,,,,,,,,,,,,,,,,,,,,,,,,,,,,,,,,,,,,,,,,,,,,,,,,,,,,,,,,,,,,,,,,,,,,,,,,,,,,,,,,,,,,,,,,,,,,,,,,,,,,,,,,,,,,,,,,,,,,,,0,0,0,0,0,0,0,0,0,,,,,,,,,,,,,,,,,,,,,,,,,,,,,,,,,,,,,,,,,,,,,,,,,,,,,,,,,,,,,,,,,,,,,,,,,,,,,,,,,,,,,,,,,,,,,,,,,,,,,,,,,,,,,,,,,,,,,,,,,,,,,,,,,,,,,,,,,,,,,,,,,,,,,,,,,,,,,,,,,,,,,,,,,,,,,,,,,,,,,,,,,,,,,,,,,,,,,,,,,,,,,,,,,,,,,,,,,,,,,,,,,,,,,,,,,,,,,,,,,,,,,,,,,,,,,,,,,,,,,,,,,,,,,,,,,,,,,,,,,,,,,,,,,,,,,,,,,,,,,,,,,,,,,,,,,,,,,,,,,,,,,,,,,,,,,,,,,,,,,,,,,,,,,,,,,,,,,,,,,,,,,,,,,,,,,,,,,,,,,,,,,,,,,,,,,,,,,,,,,,,,,,,,,,,,,,,,,,,,,,,,,,,,,,,,,,,,,,,,,,,,,,,,,,,,,,,,,,,,,,,,,,,,,,,,,,,,,,,,,,,,,,,,,,,,,,,,,,,,,,,,,,,,,,,,,,,,,,,,,,,,,,,,,,,,,,,,,,,,,,,,,,,,,,,,,,,,,,,,,,,,,,,,,,,,,,,,,,,,,,,,,,,,,,,,,,,,,,,,,,,,,,,,,,,
17,survey_completion_arm_1,IDTest1,"2023-10-11 13:25:59",1,2,,,,,,,,,,,,,,,,,,,,,,,,,,,,,,,,,,,,,,,,,,,,,,,,,,,,,,,,,,,,,,,,,,,,,,,,,,,,,,,,,,,,,,,,,,,,,,,,,,,,,,,,,,,,,,,,,,,,,,,,,,,"2023-10-11 13:27:57",0,2,60,2,3,3,2,0,,,3,2,3,0,1,4,3,3,2,2,3,3,3,3,3,2,3,1,2,2,5,1,4,2,2,2,2,0,,,1,2,1,1,2,2,2,2,2,2,2,3,1,4,4,5,2,1,3,2,1,1,9,3,2,3,3,,3,3,,,,,3,,,,,,,,3,,4,4,,,,3,,3,2,,3,,,2,,3,,,5,2,4,7,3,97,100,,3,1,1,1,1,0,0,0,0,0,2,,,,,,,,,,,,,,,,,,,,,,,,,,,,,,,,,,,,,,,,,,,,,,,,,,,,,,,,,,,,,,,,,,,,,,,,,,,,,,,,,,,,,,,,,,,,,,,,,,,,,,,,,,,,,,,,,,,,,,,,,,,,,,,,,,,,,,,,,,,,,,,,,,,,,,,,,,,,,,,,,,,,,,,,,,,,,,,,,,,,,,,,,,,,,,,,,,,,,,,,,,,,,,,,,,,,,,,,,,,,,,,,,,,,,,,,,,,,,,,,,,,,,,,,,,,,,,,,,,,,,,,,,,,,,,,,,,,,,,,,,,,,,,,,,,,,,,,,,,,,,,,,,,,,,,,,,,,,,,,,,,,,,,,,,,,,,,,,,,,,,,,,,,,,,,,,,,,,,,,,,,,,,,,,,,,,,,,,,,,,,,,,,,,,,,,,,,,,,,,,,,,,,,,,,,,,,,,,,,,,,,,,,,,,,,,,,,,,,,,,,,,,,,,,,,,,,,,,,,,,,,,,,,,,,,,,,,,,,,,,,,,,,,,,,,,,,,,,,,,,,,,,,,,,,,,,,,,,,,,,,,,,,,,,,,,,,,,,,,,,,,,,,,,,,,,,,,,,,,,,,,,,,,,,,,,,,,,,,,,,,,,,,,,,,,,,,,,,,,,,,,,,,,,,,,
18,survey_completion_arm_2,IDTest2,"2023-10-11 13:34:20",1,2,,,,,,,,,,,,,,,,,,,,,,,,,,,,,,,,,,,,,,,,,,,,,,,,,,,,,,,,,,,,,,,,,,,,,,,,,,,,,,,,,,,,,,,,,,,,,,,,,,,,,,,,,,,,,,,,,,,,,,,,,,,,,,,,,,,,,,,,,,,,,,,,,,,,,,,,,,,,,,,,,,,,,,,,,,,,,,,,,,,,,,,,,,,,,,,,,,,,,,,,,,,,,,,,,,,,,,,,,,,,,,,,,,,,,,,,,,,,,,,,,,,,,"2023-10-11 13:35:16",0,7,30,,1,2,,,2,1,,,,2,2,3,,,,,,,,,,,,,,,,,0,0,0,0,0,0,0,0,0,,,,,,,,,,,,,,,,,,,,,,,,,,,,,,,,,,,,,,,,,,,,,,,,,,,,,,,,,,,,,,,,,,,,,,,,2,3,2,,,,,,2,,,,,,,,,,,,,,,,,,,,,,,,,,,,,,,,,,,,,,,,,,,,,,,,,,,,,,,,,,,,,,,,,,,,,,,,,,,,,,,,,,,,,,,,,,,,,,,,,,,,,,,,,,,,,,,,,,,,,,,,,,,,,,,,,,,,,,,,,,,,,,,,,,,,,,,,,,,,,,,,,,,,,,,,,,,,,,,,,,,,,,,,,,,,,,,,,,,,,,,,,,,,,,,,,,,,,,,,,,,,,,,,,,,,,,,,,,,,,,,,,,,,,,,,,,,,,,,,,,,,,,,,,,,,,,,,,,,,,,,,,,,,,,,,,,,,,,,,,,,,,,,,,,,,,,,,,,,,,,,,,,,,,,,,,,,,,,,,,,,,,,,,,,,,,,,,,,,,,,,,,,,,,,,,,,,,,,,,,,,,,,,,,,,,,,,,,,,,,,,,,,,,,,,,,,,,,,,,,,,,,,,,,,,,,,,,,,,,,,,,,,,,,,,,,,,,,,,,,,,,,,,,,,,,,,,,,,,,,,,,,,,,,,,,
19,survey_completion_arm_6,,"2023-10-11 13:40:32",1,2,,,,,,,,,,,,,,,,,,,,,,,,,,,,,,,,,,,,,,,,,,,,,,,,,,,,,,,,,,,,,,,,,,,,,,,,,,,,,,,,,,,,,,,,,,,,,,,,,,,,,,,,,,,,,,,,,,,,,,,,,,,,,,,,,,,,,,,,,,,,,,,,,,,,,,,,,,,,,,,,,,,,,,,,,,,,,,,,,,,,,,,,,,,,,,,,,,,,,,,,,,,,,,,,,,,,,,,,,,,,,,,,,,,,,,,,,,,,,,,,,,,,,,,,,,,,,,,,,,,,,,,,,,,,,,,,,,,,,,,,,,,,,,,,,,,,,,,,,,,,,,,,,,,,,,,,,,,,,,,,,,,,,,,,,,,,,,,,,,,,,,,,,,,,,,,,,,,,,,,,,,,,,,,,,,,,,,,,,,,,,,,,,,,,,,,,,,,,,,,,,,,,,,,,,,,,,,,,,,,,,,,,,,,,,,,,,,,,,,,,,,,,,,,,,,,,,,,,,,,,,,,,,,,,,,,,,,,,,,,,,,,,,,,,,,,,,,,,,,,,,,,,,,,,,,,,,,,,,,,,,,,,,,,,,,,,,,,,,,,,,,,,,,,,,,,,,,,,,,,,,,,,,,,,,,,,,,,,,,,,,,,,,,,,,,,,,,,,,,,,,,,,,,,,,,,,,,,,,,,,,,,,,,,,,,,,,,,,,,,,,,,,,,,,,,,,,,,,,,,,,,,,,,,,,,,,,,,,,,,,,,,,,,,,,,,,,,,,,,,,,,,,,,,,,,,,,,,,,,,,,,,,,,,,,,,,,"2023-10-11 13:41:59",4,5,5,4,,2,3,2,3,0,,,2,2,2,3,3,3,3,3,1,1,1,1,,1,,,,,,,,,,,,,,,,,,,,,,,,,,,,,,,,,,,,,,,,,,,,,,,,,,,,,,,,,,,,,,,,,,,,,,,,,,,,,,,,,,,,,,0,0,0,0,0,0,0,0,0,2
20,survey_completion_arm_1,,"2023-10-30 09:32:26",1,2,,,,,,,,,,,,,,,,,,,,,,,,,,,,,,,,,,,,,,,,,,,,,,,,,,,,,,,,,,,,,,,,,,,,,,,,,,,,,,,,,,,,,,,,,,,,,,,,,,,,,,,,,,,,,,,,,,,,,,,,,,,"[not completed]",1,5,120,3,4,,4,1,3,3,,3,8,0,1,1,1,2,1,4,4,4,5,5,5,2,2,2,1,3,3,1,4,3,3,3,3,1,,,,2,1,2,1,2,3,3,2,1,1,2,3,2,2,2,2,5,2,2,2,2,,4,4,4,4,2,2,4,1,2,2,,2,4,2,3,3,4,4,10,3,3,3,3,3,4,4,3,3,4,2,3,2,3,3,2,4,2,3,4,8,3,,,,,,,,0,0,0,0,0,0,0,0,0,0,,,,,,,,,,,,,,,,,,,,,,,,,,,,,,,,,,,,,,,,,,,,,,,,,,,,,,,,,,,,,,,,,,,,,,,,,,,,,,,,,,,,,,,,,,,,,,,,,,,,,,,,,,,,,,,,,,,,,,,,,,,,,,,,,,,,,,,,,,,,,,,,,,,,,,,,,,,,,,,,,,,,,,,,,,,,,,,,,,,,,,,,,,,,,,,,,,,,,,,,,,,,,,,,,,,,,,,,,,,,,,,,,,,,,,,,,,,,,,,,,,,,,,,,,,,,,,,,,,,,,,,,,,,,,,,,,,,,,,,,,,,,,,,,,,,,,,,,,,,,,,,,,,,,,,,,,,,,,,,,,,,,,,,,,,,,,,,,,,,,,,,,,,,,,,,,,,,,,,,,,,,,,,,,,,,,,,,,,,,,,,,,,,,,,,,,,,,,,,,,,,,,,,,,,,,,,,,,,,,,,,,,,,,,,,,,,,,,,,,,,,,,,,,,,,,,,,,,,,,,,,,,,,,,,,,,,,,,,,,,,,,,,,,,,,,,,,,,,,,,,,,,,,,,,,,,,,,,,,,,,,,,,,,,,,,,,,,,,,,,,,,,,,,,,,,,,,,,,,,,,,,,,,,,,,,,,,,,,,,,,,,,,,,,,,,,,,,,,,,,,,,,,,,,,,
21,survey_preview_arm_7,,"2023-10-30 13:55:43",1,2,"2023-10-30 15:29:18",3,2,1,1,2,3,1,3,2,3,5,4,4,4,1,1,1,1,1,2,2,3,3,3,3,3,2,2,2,2,2,5,5,5,5,0,1,3,2,2,2,2,2,2,2,1,1,2,,4,,,,2,4,54.7,45.3,100,,3,0,1,0,0,1,0,1,0,1,3,3,4,3,2,1,3,3,,3,1,1,1,1,0,,,2,4,10,,,,5,5,5,5,5,5,5,5,5,1,1,1,2,1,3,3,,,,,,,2,1,1,2,,2,2,,,,,,,,,,,,,,,,,,,,,,,,,,,,,,,,,,,,,,,,,,,,,,,,,,,,,,,,,,,,,,,,,,,,,,,,,,,,,,,,,,,,,,,,,,,,,,,,,,,,,,,,,,,,,,,,,,,,,,,,,,,,,,,,,,,,,,,,,,,,,,,,,,,,,,,,,,,,,,,,,,,,,,,,,,,,,,,,,,,,,,,,,,,,,,,,,,,,,,,,,,,,,,,,,,,,,,,,,,,,,,,,,,,,,,,,,,,,,,,,,,,,,,,,,,,,,,,,,,,,,,,,,,,,,,,,,,,,,,,,,,,,,,,,,,,,,,,,,,,,,,,,,,,,,,,,,,,,,,,,,,,,,,,,,,,,,,,,,,,,,,,,,,,,,,,,,,,,,,,,,,,,,,,,,,,,,,,,,,,,,,,,,,,,,,,,,,,,,,,,,,,,,,,,,,,,,,,,,,,,,,,,,,,,,,,,,,,,,,,,,,,,,,,,,,,,,,,,,,,,,,,,,,,,,,,,,,,,,,,,,,,,,,,,,,,,,,,,,,,,,,,,,,,,,,,,,,,,,,,,,,,,,,,,,,,,,,,,,,,,,,,,,,,,,,,,,,,,,,,,,,,,,,,,,,,,,,,,,,,,,,,,,,,,,,,,,,,,,,,,,,,,,,,,,,,,,,,,,,,,,,,,,,,,,,,,,,,,,,,,,,,,,,,,,,,,,,,,,,,,,,,,,,,,,,,,,,,,,,,,,,,,,,,,,,,,,,,,,,,,,,,,,,,,,,,,,,,,,,,,,,,,,,,,,,,,
22,survey_preview_arm_7,,"2023-10-30 15:44:38",1,2,"2023-10-30 15:44:57",,,,,,,,,,,,,,,,,,,,,,,,,,,,,,,,,,,,,,,,,,,,,,,,,,,,,,,,,,,,,0,0,0,0,0,0,0,0,0,,,,,,,,,,,,,,,,,,,1,,0,,,,,,,,,,,,,,,,,,,,,,,,,,,,,,,2,,,,,,,,,,,,,,,,,,,,,,,,,,,,,,,,,,,,,,,,,,,,,,,,,,,,,,,,,,,,,,,,,,,,,,,,,,,,,,,,,,,,,,,,,,,,,,,,,,,,,,,,,,,,,,,,,,,,,,,,,,,,,,,,,,,,,,,,,,,,,,,,,,,,,,,,,,,,,,,,,,,,,,,,,,,,,,,,,,,,,,,,,,,,,,,,,,,,,,,,,,,,,,,,,,,,,,,,,,,,,,,,,,,,,,,,,,,,,,,,,,,,,,,,,,,,,,,,,,,,,,,,,,,,,,,,,,,,,,,,,,,,,,,,,,,,,,,,,,,,,,,,,,,,,,,,,,,,,,,,,,,,,,,,,,,,,,,,,,,,,,,,,,,,,,,,,,,,,,,,,,,,,,,,,,,,,,,,,,,,,,,,,,,,,,,,,,,,,,,,,,,,,,,,,,,,,,,,,,,,,,,,,,,,,,,,,,,,,,,,,,,,,,,,,,,,,,,,,,,,,,,,,,,,,,,,,,,,,,,,,,,,,,,,,,,,,,,,,,,,,,,,,,,,,,,,,,,,,,,,,,,,,,,,,,,,,,,,,,,,,,,,,,,,,,,,,,,,,,,,,,,,,,,,,,,,,,,,,,,,,,,,,,,,,,,,,,,,,,,,,,,,,,,,,,,,,,,,,,,,,,,,,,,,,,,,,,,,,,,,,,,,,,,,,,,,,,,,,,,,,,,,,,,,,,,,,,,,,,,,,,,,,,,,,,,,,,,,,,,,,,,,,,,,,,,,,,,,,,,,,,,,,,,,,,,,
23,survey_completion_arm_4,IDTest6Nov,"2023-11-06 11:48:50",1,2,,,,,,,,,,,,,,,,,,,,,,,,,,,,,,,,,,,,,,,,,,,,,,,,,,,,,,,,,,,,,,,,,,,,,,,,,,,,,,,,,,,,,,,,,,,,,,,,,,,,,,,,,,,,,,,,,,,,,,,,,,,,,,,,,,,,,,,,,,,,,,,,,,,,,,,,,,,,,,,,,,,,,,,,,,,,,,,,,,,,,,,,,,,,,,,,,,,,,,,,,,,,,,,,,,,,,,,,,,,,,,,,,,,,,,,,,,,,,,,,,,,,,,,,,,,,,,,,,,,,,,,,,,,,,,,,,,,,,,,,,,,,,,,,,,,,,,,,,,,,,,,,,,,,,,,,,,,,,,,,,,,,,,,,,,,,,,,,,,,,,,,,,,,,,,,,,,,,,,,,,,,,,,,,,,,,,,,,,,,,,,,,,,,,,,,,,,,,,,,,,,,,,,,,,,,,,,,,,,,,,,,,,,,,,,,,,,,,,,,,,,,,,,,,,,,,,,,,,,,,,,,,,,,,,,,,,,,,,,,,,,,,,,,,,"2023-11-06 11:47:51",3,9,19,81,100,,2,0,0,0,1,1,0,0,1,1,1,5,4,3,3,2,10,1,5,1,2,1,3,5,5,4,1,2,4,2,3,1,1,1,1,1,5,11,5,1,5,3,3,1,3,3,,4,10,1,1,5,1,1,5,5,1,1,1,1,1,4,1,3,1,5,2,1,4,4,4,0,,,1,3,2,3,2,4,3,0,,,2,1,4,3,6,1,2,2,1,16,0,0,120,1,3,2,2,2,2,2,1,2,1,4,1,3,1,5,4,1,2,,,,,,,,,,,,,,,,,,,,,,,,,,,,,,,,,,,,,,,,,,,,,,,,,,,,,,,,,,,,,,,,,,,,,,,,,,,,,,,,,,,,,,,,,,,,,,,,,,,,,,,,,,,,,,,,,,,,,,,,,,,,,,,,,,,,,,,,,,,,,,,,,,,,,,,,,,,,,,,,,,,,,,,,,,,,,,,,,,,,,,,,,,,,,,,,,,,,,,,,,,,,,,,,,,,,,,,,,,,,,,,,,,,,,,,,,,,,,,,,,,,,
